Zimmermann;Anika;s004221;
Ziegler;Martin;s031500;21
Müller;René;s085673;0
Lehmann;Philipp;s116366;37
Fischer;Andrea;s123356;36
Wolff;Jennifer;s126782;0
Hoffmann;Dennis;s133256;0
Richter;Tim;s133435;24
Braun;Lina;s134658;0
Schmitz;Jonas;s160445;0
Becker;Emily;s182276;0
Schubert;Charlotte;s187362;33
Jung;Michelle;s196631;0
Black;Josefine;s210240;0
Hofmann;Anna;s211500;22
Kühn;Steve;s218450;0
Schmitt;Anna;s231170;0
Alvarez;Yves;s231450;32
Schulze;Julia;s239551;0
Möller;Susanne;s239604;0
Haas;Klaus;s242404;35
Wright;Jennifer;s253677;0
Fuchs;Julia;s253678;0
Schulze;Dominik;s256845;0
Baumann;Michael;s305772;0
Schröder;Sophia;s331889;0
Große;Björn;s342422;0
Krüger;Elena;s354045;31
Schulze;Lukas;s355691;0
Müller;Katja;s374526;0
Vogel;Corinna;s374627;0
Weber;Jennifer;s392120;0
Voigt;Erich;s407724;0
Bauer;Damian;s408243;0
Köhler;Felix;s412594;25
Sauer;Miriam;s433170;0
Krämer;Nick;s439283;0
Krause;Nora;s449285;0
Klein;Christoph;s451732;0
Schmitt;Paul;s466696;34
Roth;Johannes;s471126;6
Pohl;Marcel;s473682;0
Müller;Anne;s485452;10
Schäfer;Noah;s498175;0
Koch;Tim;s502534;4
Schmidt;Gerda;s504085;9
Wagner;Luisa;s514641;0
Voigt;Jana;s523916;38
Sanchez;Amanda;s533421;8
Pfeiffer;Julia;s536212;5
Wolff;Leonie;s541352;20
Böhm;Franziska;s543924;0
Ludwig;Charlotte;s544200;0
Young;Benjamin;s548785;19
Richter;Luke;s556128;0
Bergmann;Verena;s560316;7
Legrand;Raphaël;s564593;0
Lewis;Anton;s574268;0
Schmidt;Antje;s574726;0
Schulze;Annika;s580935;0
Klein;Katharina;s583671;18
Fournier;Gerard;s596322;0
Hoffmann;Linus;s614996;0
Müller;Armin;s631987;0
Dumont;Aurélie;s632812;12
Meyer;Jana;s641902;0
Winter;Theresa;s709857;39
Schneider;Joachim;s748845;0
Sauer;Miriam;s778750;0
Neumann;Liam;s779713;0
Seidel;Jacques;s780739;11
Zimmermann;Sandra;s791553;0
Schumacher;Jonathan;s794603;26
Nowak;Tomasz;s799563;0
Maier;Marvin;s806742;2
Schmidt;Matthias;s812323;27
Lange;Julia;s825540;0
Schwarz;Manuel;s835101;17
Schneider;Vanessa;s838075;0
Werner;Tim;s847927;1
Meier;Max;s863752;14
Hermann;Benjamin;s876810;28
Hartmann;Luca;s882341;16
Köhler;Anika;s900320;40
Doyle;John;s900322;0
Dietrich;Karl-Heinz;s903254;15
Lange;Ansgar;s909205;13
Fischer;Gudrun;s929487;30
Klein;Bodo;s945249;0
Schultz;Maren;s955733;29
Richter;Jessica;s978125;3
Smith;Tomas;s985173;23