Zimmermann;Anika;s004221
Ziegler;Martin;s031500
Müller;René;s085673
Lehmann;Philipp;s116366
Fischer;Andrea;s123356
Wolff;Jennifer;s126782
Hoffmann;Dennis;s133256
Richter;Tim;s133435
Braun;Lina;s134658
Schmitz;Jonas;s160445
Becker;Emily;s182276
Schubert;Charlotte;s187362
Jung;Michelle;s196631
Black;Josefine;s210240
Hofmann;Anna;s211500
Kühn;Steve;s218450
Schmitt;Anna;s231170
Alvarez;Yves;s231450
Schulze;Julia;s239551
Möller;Susanne;s239604
Haas;Klaus;s242404
Wright;Jennifer;s253677
Fuchs;Julia;s253678
Schulze;Dominik;s256845
Baumann;Michael;s305772
Schröder;Sophia;s331889
Große;Björn;s342422
Krüger;Elena;s354045
Schulze;Lukas;s355691
Müller;Katja;s374526
Vogel;Corinna;s374627
Weber;Jennifer;s392120
Voigt;Erich;s407724
Bauer;Damian;s408243
Köhler;Felix;s412594
Sauer;Miriam;s433170
Krämer;Nick;s439283
Krause;Nora;s449285
Klein;Christoph;s451732
Schmitt;Paul;s466696
Roth;Johannes;s471126
Pohl;Marcel;s473682
Müller;Anne;s485452
Schäfer;Noah;s498175
Koch;Tim;s502534
Schmidt;Gerda;s504085
Wagner;Luisa;s514641
Voigt;Jana;s523916
Sanchez;Amanda;s533421
Pfeiffer;Julia;s536212
Wolff;Leonie;s541352
Böhm;Franziska;s543924
Ludwig;Charlotte;s544200
Young;Benjamin;s548785
Richter;Luke;s556128
Bergmann;Verena;s560316
Legrand;Raphaël;s564593
Lewis;Anton;s574268
Schmidt;Antje;s574726
Schulze;Annika;s580935
Klein;Katharina;s583671
Fournier;Gerard;s596322
Hoffmann;Linus;s614996
Müller;Armin;s631987
Dumont;Aurélie;s632812
Meyer;Jana;s641902
Winter;Theresa;s709857
Schneider;Joachim;s748845
Sauer;Miriam;s778750
Neumann;Liam;s779713
Seidel;Jacques;s780739
Zimmermann;Sandra;s791553
Schumacher;Jonathan;s794603
Nowak;Tomasz;s799563
Maier;Marvin;s806742
Schmidt;Matthias;s812323
Lange;Julia;s825540
Schwarz;Manuel;s835101
Schneider;Vanessa;s838075
Werner;Tim;s847927
Meier;Max;s863752
Hermann;Benjamin;s876810
Hartmann;Luca;s882341
Köhler;Anika;s900320
Doyle;John;s900322
Dietrich;Karl-Heinz;s903254
Lange;Ansgar;s909205
Fischer;Gudrun;s929487
Klein;Bodo;s945249
Schultz;Maren;s955733
Richter;Jessica;s978125
Smith;Tomas;s985173
